{
  "taskId": 2,
  "ocrResult": [
    {
      "text": "给很务余机频已经却产生交山的种子",
      "location": {
        "left": 83.10522,
        "top": 20.927902,
        "right": 312.49844,
        "bottom": 52.819504
      },
      "pos": {
        "x": 83.10522,
        "y": 22.194345
      }
    },
    {
      "text": "观看",
      "location": {
        "left": 248.41513,
        "top": 37.718987,
        "right": 283.52725,
        "bottom": 51.011116
      },
      "pos": {
        "x": 248.94786,
        "y": 37.718987
      }
    },
    {
      "text": "爸爸专属的狗皮膏药",
      "location": {
        "left": 140.51825,
        "top": 48.82428,
        "right": 261.6263,
        "bottom": 65.63468
      },
      "pos": {
        "x": 140.51825,
        "y": 50.90797
      }
    }
  ]
}