{
  "taskId": 2,
  "ocrResult": [
    {
      "text": "识别成功，img path:G:\\Desktoplpythondemo\\github上传项目lwechat 0cRl",
      "location": {
        "left": 37.46875,
        "top": 4.0874996,
        "right": 650.59375,
        "bottom": 21.8
      },
      "pos": {
        "x": 37.46875,
        "y": 4.0874996
      }
    },
    {
      "text": "--识别内容",
      "location": {
        "left": 145.10625,
        "top": 25.887499,
        "right": 237.075,
        "bottom": 42.2375
      },
      "pos": {
        "x": 145.10625,
        "y": 25.887499
      }
    },
    {
      "text": "#检查 ESc 键是否被按下",
      "location": {
        "left": 35.425,
        "top": 47.6875,
        "right": 237.075,
        "bottom": 65.399994
      },
      "pos": {
        "x": 35.425,
        "y": 47.6875
      }
    },
    {
      "text": "if win32api.GetAsynckeystate(win32con.VK ESCAPE):",
      "location": {
        "left": 36.765858,
        "top": 70.13825,
        "right": 476.8967,
        "bottom": 87.8063
      },
      "pos": {
        "x": 36.800034,
        "y": 70.13825
      }
    }
  ]
}